timestamp,Was in deadzone,shouldfreeze,rawturretrot,rawreachable,omegaradpersec,motortargetraw,latchedturretrot,justexiteddeadzone,goaltargetreachable,fullystationary
299929197533.432	🟥 false	🟥 false	0.1667326674877306	🟩 true	0.26185475475169956	7.744963674877306	0.1667326674877306	🟥 false	🟩 true	🟥 false
299929197533.447	🟥 false	🟥 false	0.17175803270289913	🟩 true	0.1940453755669859	7.7952173270289915	0.17175803270289913	🟥 false	🟩 true	🟥 false
299929197533.483	🟥 false	🟩 true	0.17648605104341322	🟩 true	0.055525105199368915	7.842497510434132	0.17175803270289913	🟥 false	🟩 true	🟩 true
299929197533.495	🟥 false	🟩 true	0.18108741444730814	🟩 true	0.0012356043999504202	7.888511144473082	0.17175803270289913	🟥 false	🟩 true	🟩 true
299929197533.545	🟥 false	🟩 true	0.18475916167415898	🟩 true	0.004942446675006217	7.92522861674159	0.17175803270289913	🟥 false	🟩 true	🟩 true
299929197533.580	🟥 false	🟩 true	0.1886385630670315	🟩 true	0.0006533100030964275	7.964022630670315	0.17175803270289913	🟥 false	🟩 true	🟩 true
299929197533.616	🟥 false	🟩 true	0.1914750671706447	🟩 true	0.003488279646275398	7.992387671706447	0.17175803270289913	🟥 false	🟩 true	🟩 true
299929197533.641	🟥 false	🟩 true	0.19387611656353412	🟩 true	0.0020349407330733102	8.01639816563534	0.17175803270289913	🟥 false	🟩 true	🟩 true
299929197533.666	🟥 false	🟩 true	0.1970657662269028	🟩 true	0.015335390411373296	8.04829466226903	0.17175803270289913	🟥 false	🟩 true	🟩 true
299929197533.688	🟥 false	🟩 true	0.1987628832979523	🟩 true	0.011338176848951609	8.065265832979524	0.17175803270289913	🟥 false	🟩 true	🟩 true
299929197533.718	🟥 false	🟩 true	0.20104050483471417	🟩 true	0.01831585534746256	8.088042048347141	0.17175803270289913	🟥 false	🟩 true	🟩 true
299929197533.740	🟥 false	🟩 true	0.20197549278665763	🟩 true	0.031689104786635815	8.097391927866576	0.17175803270289913	🟥 false	🟩 true	🟩 true
299929197533.761	🟥 false	🟩 true	0.2038312882467831	🟩 true	0.015117825899590417	8.115949882467831	0.17175803270289913	🟥 false	🟩 true	🟩 true
299929197533.802	🟥 false	🟩 true	0.20513149243245898	🟩 true	0	8.12895192432459	0.17175803270289913	🟥 false	🟩 true	🟩 true
299929197533.818	🟥 false	🟩 true	0.20636458509817868	🟩 true	0	8.141282850981787	0.17175803270289913	🟥 false	🟩 true	🟩 true
299929197533.854	🟥 false	🟩 true	0.20742927070453518	🟩 true	0	8.151929707045351	0.17175803270289913	🟥 false	🟩 true	🟩 true
299929197533.863	🟥 false	🟩 true	0.20837388795978967	🟩 true	0	8.161375879597896	0.17175803270289913	🟥 false	🟩 true	🟩 true
299929197533.907	🟥 false	🟩 true	0.20929360621915075	🟩 true	0	8.170573062191508	0.17175803270289913	🟥 false	🟩 true	🟩 true
299929197533.918	🟥 false	🟩 true	0.2102590690254769	🟩 true	0	8.18022769025477	0.17175803270289913	🟥 false	🟩 true	🟩 true
299929197533.958	🟥 false	🟩 true	0.21089007043537378	🟩 true	0	8.186537704353738	0.17175803270289913	🟥 false	🟩 true	🟩 true
299929197533.970	🟥 false	🟩 true	0.21158298334247408	🟩 true	0	8.193466833424742	0.17175803270289913	🟥 false	🟩 true	🟩 true
299929197533.992	🟥 false	🟩 true	0.212274744942823	🟩 true	0	8.200384449428231	0.17175803270289913	🟥 false	🟩 true	🟩 true
299929197534.037	🟥 false	🟩 true	0.2128255546610044	🟩 true	0	8.205892546610045	0.17175803270289913	🟥 false	🟩 true	🟩 true
299929197534.059	🟥 false	🟩 true	0.21330191754180486	🟩 true	0	8.210656175418048	0.17175803270289913	🟥 false	🟩 true	🟩 true
299929197534.088	🟥 false	🟩 true	0.2137711476502804	🟩 true	0	8.215348476502804	0.17175803270289913	🟥 false	🟩 true	🟩 true
299929197534.102	🟥 false	🟩 true	0.21424162872431185	🟩 true	0.002616450882468295	8.220053287243118	0.17175803270289913	🟥 false	🟩 true	🟩 true
299929197534.140	🟥 false	🟩 true	0.21444271009459595	🟩 true	0	8.22206410094596	0.17175803270289913	🟥 false	🟩 true	🟩 true
299929197534.166	🟥 false	🟩 true	0.21480046213030815	🟩 true	0	8.225641621303081	0.17175803270289913	🟥 false	🟩 true	🟩 true
299929197534.195	🟥 false	🟩 true	0.21511254085614948	🟩 true	0.0003633959558983743	8.228762408561495	0.17175803270289913	🟥 false	🟩 true	🟩 true
299929197534.207	🟥 false	🟩 true	0.21525078819313137	🟩 true	0	8.230144881931313	0.17175803270289913	🟥 false	🟩 true	🟩 true
299929197534.242	🟥 false	🟩 true	0.21550006604316244	🟩 true	0	8.232637660431624	0.17175803270289913	🟥 false	🟩 true	🟩 true
299929197534.254	🟥 false	🟩 true	0.21565928116518449	🟩 true	0	8.234229811651845	0.17175803270289913	🟥 false	🟩 true	🟩 true
299929197534.294	🟥 false	🟩 true	0.2160237037488402	🟩 true	0.0015262630147731722	8.237874037488403	0.17175803270289913	🟥 false	🟩 true	🟩 true
299929197534.309	🟥 false	🟩 true	0.2161554829591297	🟩 true	0	8.239191829591297	0.17175803270289913	🟥 false	🟩 true	🟩 true
299929197534.347	🟥 false	🟩 true	0.21621919594288588	🟩 true	0	8.23982895942886	0.17175803270289913	🟥 false	🟩 true	🟩 true
299929197534.360	🟥 false	🟩 true	0.21637164697857061	🟩 true	0	8.241353469785707	0.17175803270289913	🟥 false	🟩 true	🟩 true
299929197534.398	🟥 false	🟩 true	0.216507309072955	🟩 true	0	8.24271009072955	0.17175803270289913	🟥 false	🟩 true	🟩 true
299929197534.415	🟥 false	🟩 true	0.21664728495170166	🟩 true	0	8.244109849517017	0.17175803270289913	🟥 false	🟩 true	🟩 true
299929197534.449	🟥 false	🟩 true	0.2167691943993599	🟩 true	0	8.245328943993599	0.17175803270289913	🟥 false	🟩 true	🟩 true
299929197534.463	🟥 false	🟩 true	0.21685013763689875	🟩 true	0	8.246138376368988	0.17175803270289913	🟥 false	🟩 true	🟩 true
299929197534.501	🟥 false	🟩 true	0.21691465044095476	🟩 true	0	8.246783504409548	0.17175803270289913	🟥 false	🟩 true	🟩 true
299929197534.512	🟥 false	🟩 true	0.2170425979337463	🟩 true	0	8.248062979337464	0.17175803270289913	🟥 false	🟩 true	🟩 true
299929197534.552	🟥 false	🟩 true	0.21689505692294464	🟩 true	0	8.246587569229447	0.17175803270289913	🟥 false	🟩 true	🟩 true
299929197534.564	🟥 false	🟩 true	0.2170173937213422	🟩 true	0	8.247810937213423	0.17175803270289913	🟥 false	🟩 true	🟩 true
299929197534.604	🟥 false	🟩 true	0.2169721317654866	🟩 true	0	8.247358317654866	0.17175803270289913	🟥 false	🟩 true	🟩 true
299929197534.621	🟥 false	🟩 true	0.21697228362476334	🟩 true	0	8.247359836247634	0.17175803270289913	🟥 false	🟩 true	🟩 true
299929197534.657	🟥 false	🟩 true	0.21696805640974362	🟩 true	0	8.247317564097436	0.17175803270289913	🟥 false	🟩 true	🟩 true
299929197534.672	🟥 false	🟩 true	0.21698349831864341	🟩 true	0	8.247471983186434	0.17175803270289913	🟥 false	🟩 true	🟩 true
299929197534.709	🟥 false	🟩 true	0.21695955834528274	🟩 true	0	8.247232583452828	0.17175803270289913	🟥 false	🟩 true	🟩 true
299929197534.722	🟥 false	🟩 true	0.21693483332301414	🟩 true	0	8.246985333230143	0.17175803270289913	🟥 false	🟩 true	🟩 true
299929197534.760	🟥 false	🟩 true	0.2169677197097749	🟩 true	0	8.247314197097749	0.17175803270289913	🟥 false	🟩 true	🟩 true
299929197534.773	🟥 false	🟩 true	0.21698980493559902	🟩 true	0	8.24753504935599	0.17175803270289913	🟥 false	🟩 true	🟩 true
299929197534.801	🟥 false	🟩 true	0.2169747664171583	🟩 true	0	8.247384664171584	0.17175803270289913	🟥 false	🟩 true	🟩 true
299929197534.840	🟥 false	🟩 true	0.21697360617682318	🟩 true	0	8.247373061768233	0.17175803270289913	🟥 false	🟩 true	🟩 true
299929197534.854	🟥 false	🟩 true	0.21697895874936166	🟩 true	0	8.247426587493617	0.17175803270289913	🟥 false	🟩 true	🟩 true
299929197534.892	🟥 false	🟩 true	0.21693661052370658	🟩 true	0	8.247003105237066	0.17175803270289913	🟥 false	🟩 true	🟩 true
299929197534.905	🟥 false	🟩 true	0.21701306669131362	🟩 true	0	8.247767666913136	0.17175803270289913	🟥 false	🟩 true	🟩 true
299929197534.947	🟥 false	🟩 true	0.2169825635212944	🟩 true	0	8.247462635212944	0.17175803270289913	🟥 false	🟩 true	🟩 true
299929197534.956	🟥 false	🟩 true	0.2169836460190727	🟩 true	0	8.247473460190728	0.17175803270289913	🟥 false	🟩 true	🟩 true
299929197534.995	🟥 false	🟩 true	0.21699922154275306	🟩 true	0	8.24762921542753	0.17175803270289913	🟥 false	🟩 true	🟩 true
299929197535.008	🟥 false	🟩 true	0.2169974749855207	🟩 true	0	8.247611749855206	0.17175803270289913	🟥 false	🟩 true	🟩 true
299929197535.034	🟥 false	🟩 true	0.21697380941351907	🟩 true	0	8.24737509413519	0.17175803270289913	🟥 false	🟩 true	🟩 true
299929197535.078	🟥 false	🟩 true	0.21698098369395719	🟩 true	0	8.247446836939572	0.17175803270289913	🟥 false	🟩 true	🟩 true
299929197535.092	🟥 false	🟩 true	0.2169783578356352	🟩 true	0	8.247420578356351	0.17175803270289913	🟥 false	🟩 true	🟩 true
299929197535.124	🟥 false	🟩 true	0.21696290597644952	🟩 true	0	8.247266059764495	0.17175803270289913	🟥 false	🟩 true	🟩 true
299929197535.137	🟥 false	🟩 true	0.21697122775054545	🟩 true	0	8.247349277505455	0.17175803270289913	🟥 false	🟩 true	🟩 true
299929197535.175	🟥 false	🟩 true	0.21698266894448165	🟩 true	0	8.247463689444817	0.17175803270289913	🟥 false	🟩 true	🟩 true
299929197535.187	🟥 false	🟩 true	0.21696653171557995	🟩 true	0	8.2473023171558	0.17175803270289913	🟥 false	🟩 true	🟩 true